{
    "type": "dynamic", 
    "settings": {
        "processing_new": {
            "settings": {
                "use_angle_detector": true, 
                "deskewer": ":/mixlanger/common_deskewer.json"
            },
            "processing_steps": [
                {
                      "type": "blink_removing",
                      "settings": {
                            "blink_removing_percent": 0.1
                      }
                },
                {
                      "type": "background_closing",
                      "settings": {
                            "background_closing_wy": 4, 
                            "background_closing_wx": 4
                      }
                },
                {
                      "type": "morphology_open",
                      "settings": {
                            "morphology_open_wy": 1, 
                            "morphology_open_wx": 13
                      }
                },
                {
                      "type": "morphology_close",
                      "settings": {
                            "morphology_close_wx": 0,  
                            "morphology_close_wy": 3
                      }
                },
                {
                      "type": "autocontrast",
                      "settings": {
                            "autocontrast_satur_white": 0.05,  
                            "autocontrast_satur_black": 0.02
                      }
                }
            ]
        }, 
        "layout": [
            {
                "delta_height": 25, 
                "line_type": "gap", 
                "height": 30
            }, 
            {
                "delta_height": 20, 
                "fields": [
                    {
                        "field_type": "gap", 
                        "delta_width": 210, 
                        "width": 220
                    }, 
                    {
                        "field_type": "text", 
                        "cost": 1, 
                        "field_name": "authority0", 
                        "delta_width": 350, 
                        "width": 375
                    }, 
                    {
                        "field_type": "gap", 
                        "delta_width": 220, 
                        "width": 220
                    }
                ], 
                "line_type": "text", 
                "height": 25
            }, 
            {
                "delta_height": 25, 
                "line_type": "gap", 
                "height": 30
            }, 
            {
                "delta_height": 15, 
                "fields": [
                    {
                        "field_type": "gap", 
                        "delta_width": 210, 
                        "width": 220
                    }, 
                    {
                        "field_type": "text", 
                        "cost": 0.75, 
                        "field_name": "authority1", 
                        "delta_width": 350, 
                        "width": 375
                    }, 
                    {
                        "field_type": "gap", 
                        "delta_width": 220, 
                        "width": 220
                    }
                ], 
                "line_type": "text", 
                "height": 25
            }, 
            {
                "delta_height": 15, 
                "line_type": "gap", 
                "height": 20
            }, 
            {
                "delta_height": 15, 
                "fields": [
                    {
                        "field_type": "gap", 
                        "delta_width": 210, 
                        "width": 220
                    }, 
                    {
                        "field_type": "text", 
                        "cost": 0.6, 
                        "field_name": "authority2", 
                        "delta_width": 350, 
                        "width": 375
                    }, 
                    {
                        "field_type": "gap", 
                        "delta_width": 220, 
                        "width": 220
                    }
                ], 
                "line_type": "text", 
                "height": 25
            }, 
            {
                "delta_height": 20, 
                "line_type": "gap", 
                "height": 25
            }, 
            {
                "delta_height": 15, 
                "fields": [
                    {
                        "field_type": "gap", 
                        "delta_width": 110, 
                        "width": 120
                    }, 
                    {
                        "field_type": "text", 
                        "cost": 1.5, 
                        "field_name": "issue_date", 
                        "is_optional": false,
                        "delta_width": 70, 
                        "width": 120
                    }, 
                    {
                        "field_type": "gap", 
                        "cost": 0.0, 
                        "delta_width": 100, 
                        "width": 170
                    }, 
                    {
                        "field_type": "text", 
                        "cost": 1.5, 
                        "field_name": "authority_code", 
                        "is_optional": false,
                        "delta_width": 30, 
                        "width": 75
                    }, 
                    {
                        "field_type": "gap", 
                        "delta_width": 105, 
                        "width": 120
                    }
                ], 
                "line_type": "text", 
                "height": 25
            }, 
            {
                "delta_height": 25, 
                "line_type": "gap", 
                "height": 30
            }
        ], 
        "settings": {
            "grid_step_y": 1, 
            "grid_step_x": 1, 
            "gap_right": 10,
            "gap_left": 14,
            "gap_bot": 4,
            "gap_top": 6,
            "score_type": "otsu",
            "rejection_threshold": 100,

            "default_gap_dp_cost": 0.0,
            "default_gap_otsu_cost": 0.7,

            "local_otsu_window_wing": -1
        }
    }
}