{
    "type": "dynamic",
    "settings": 
    {
        "processing": 
        {
            "use_blink_removing": false, 
            "blink_removing_percent": 0.1, 
            "use_background_closing": true, 
            "background_closing_wx": 4, 
            "background_closing_wy": 4, 
            "use_morphology_open": true, 
            "morphology_open_wx": 16, 
            "morphology_open_wy": 1, 
            "use_morphology_close": true, 
            "morphology_close_wx": 0, 
            "morphology_close_wy": 3, 
            "use_autocontrast": true, 
            "autocontrast_satur_black": 0.02, 
            "autocontrast_satur_white": 0.05, 
            "use_angle_detector": true, 
            "use_saturation": false, 
            "deskewer": ":/mixangler/common_deskewer.json", 
            "use_second_pass": true, 
            "gamma_level": 0.5 
        }, 
        "layout": 
        [
            {
                "delta_height": 35, 
                "line_type": "gap", 
                "height": 35
            }, 
            {
                "delta_height": 7, 
                "line_type": "text", 
                "height": 15,
                "fields": 
                [
                    {
                        "field_type": "gap", 
                        "delta_width": 45, 
                        "width": 45
                    }, 
                    {
                        "field_type": "text", 
                        "cost": 1, 
                        "field_name": "numser", 
                        "delta_width": 45, 
                        "width": 165
                    }, 
                    {
                        "field_type": "gap", 
                        "delta_width": 60, 
                        "width": 80
                    }
                ]
            }, 
            {
                "delta_height": 40, 
                "line_type": "gap", 
                "height": 45
            }
        ], 
        "settings": 
        {
            "grid_step_y": 1, 
            "grid_step_x": 1, 
            "gap_right": 10,
            "gap_left": 14,
            "gap_bot": 6,
            "gap_top": 6,
            "score_type": "otsu",
            "rejection_threshold": 100,

            "default_gap_dp_cost": 0.0,
            "default_gap_otsu_cost": 0.7,

            "local_otsu_window_wing": -1
        }
    }
}