{
    "type": "dynamic", 
    "settings": {
        "processing_new": {
            "settings": {
                "use_angle_detector": true, 
                "deskewer": ":/mixlanger/common_deskewer.json"
            },
            "processing_steps": [
                {
                      "type": "blink_removing",
                      "settings": {
                            "blink_removing_percent": 0.1
                      }
                },
                {
                      "type": "background_closing",
                      "settings": {
                            "background_closing_wy": 4, 
                            "background_closing_wx": 4
                      }
                },
                {
                      "type": "morphology_open",
                      "settings": {
                            "morphology_open_wy": 1, 
                            "morphology_open_wx": 13
                      }
                },
                {
                      "type": "morphology_close",
                      "settings": {
                            "morphology_close_wx": 0,  
                            "morphology_close_wy": 3
                      }
                },
                {
                      "type": "autocontrast",
                      "settings": {
                            "autocontrast_satur_white": 0.05,  
                            "autocontrast_satur_black": 0.02
                      }
                }
            ]
        },
        "layout": [
            {
                "delta_height": 40, 
                "line_type": "gap", 
                "height": 45
            }, 
            {
                "delta_height": 15, 
                "fields": [
                    {
                        "field_type": "gap", 
                        "delta_width": 110, 
                        "width": 120
                    }, 
                    {
                        "field_type": "text", 
                        "cost": 1.0, 
                        "field_name": "surname0", 
                        "is_optional": false,
                        "delta_width": 190, 
                        "width": 200
                    }, 
                    {
                        "field_type": "gap", 
                        "delta_width": 170, 
                        "width": 180
                    }
                ], 
                "line_type": "text", 
                "height": 25
            }, 
            {
                "delta_height": 10, 
                "line_type": "gap", 
                "height": 15
            }, 
            {
                "delta_height": 15, 
                "fields": [
                    {
                        "field_type": "gap", 
                        "delta_width": 110, 
                        "width": 120
                    }, 
                    {
                        "field_type": "text", 
                        "cost": 0.6, 
                        "field_name": "surname1", 
                        "delta_width": 160, 
                        "width": 180
                    }, 
                    {
                        "field_type": "gap", 
                        "delta_width": 140, 
                        "width": 150
                    }
                ], 
                "line_type": "text", 
                "height": 25
            }, 
            {
                "delta_height": 15, 
                "line_type": "gap", 
                "height": 20
            }, 
            {
                "delta_height": 15, 
                "fields": [
                    {
                        "field_type": "gap", 
                        "delta_width": 110, 
                        "width": 120
                    }, 
                    {
                        "field_type": "text", 
                        "cost": 1.0, 
                        "field_name": "first_name", 
                        "is_optional": false,
                        "delta_width": 150, 
                        "width": 180
                    }, 
                    {
                        "field_type": "gap", 
                        "delta_width": 170, 
                        "width": 180
                    }
                ], 
                "line_type": "text", 
                "height": 25
            }, 
            {
                "delta_height": 10, 
                "line_type": "gap", 
                "height": 15
            }, 
            {
                "delta_height": 15, 
                "fields": [
                    {
                        "field_type": "gap", 
                        "delta_width": 110, 
                        "width": 120
                    }, 
                    {
                        "field_type": "text", 
                        "cost": 1.0, 
                        "field_name": "patronymic", 
                        "is_optional": false,
                        "delta_width": 130, 
                        "width": 180
                    }, 
                    {
                        "field_type": "gap", 
                        "delta_width": 140, 
                        "width": 150
                    }
                ], 
                "line_type": "text", 
                "height": 25
            }, 
            {
                "delta_height": 10, 
                "line_type": "gap", 
                "height": 15
            }, 
            {
                "delta_height": 15, 
                "fields": [
                    {
                        "field_type": "gap", 
                        "delta_width": 75, 
                        "width": 80
                    }, 
                    {
                        "field_type": "text", 
                        "cost": 1.2, 
                        "field_name": "gender", 
                        "is_optional": false,
                        "delta_width": 20, 
                        "width": 40
                    }, 
                    {
                        "field_type": "gap", 
                        "cost": 0.0, 
                        "delta_width": 35, 
                        "width": 90
                    }, 
                    {
                        "field_type": "text", 
                        "cost": 1.2, 
                        "field_name": "birthdate", 
                        "is_optional": false,
                        "delta_width": 40, 
                        "width": 100
                    }, 
                    {
                        "field_type": "gap", 
                        "delta_width": 80, 
                        "width": 90
                    }
                ], 
                "line_type": "text", 
                "height": 25
            }, 
            {
                "delta_height": 10, 
                "line_type": "gap", 
                "height": 15
            }, 
            {
                "delta_height": 15, 
                "fields": [
                    {
                        "field_type": "gap", 
                        "delta_width": 120, 
                        "width": 120
                    }, 
                    {
                        "field_type": "text", 
                        "cost": 1, 
                        "field_name": "birthplace0", 
                        "delta_width": 220, 
                        "width": 260
                    }, 
                    {
                        "field_type": "gap", 
                        "delta_width": 150, 
                        "width": 150
                    }
                ], 
                "line_type": "text", 
                "height": 25
            }, 
            {
                "delta_height": 10, 
                "line_type": "gap", 
                "height": 15
            }, 
            {
                "delta_height": 15, 
                "fields": [
                    {
                        "field_type": "gap", 
                        "delta_width": 120, 
                        "width": 120
                    }, 
                    {
                        "field_type": "text", 
                        "cost": 0.75, 
                        "field_name": "birthplace1", 
                        "delta_width": 220, 
                        "width": 260
                    }, 
                    {
                        "field_type": "gap", 
                        "delta_width": 150, 
                        "width": 150
                    }
                ], 
                "line_type": "text", 
                "height": 25
            }, 
            {
                "delta_height": 10, 
                "line_type": "gap", 
                "height": 15
            }, 
            {
                "delta_height": 15, 
                "fields": [
                    {
                        "field_type": "gap", 
                        "delta_width": 120, 
                        "width": 120
                    }, 
                    {
                        "field_type": "text", 
                        "cost": 0.5, 
                        "field_name": "birthplace2", 
                        "delta_width": 220, 
                        "width": 260
                    }, 
                    {
                        "field_type": "gap", 
                        "delta_width": 150, 
                        "width": 150
                    }
                ], 
                "line_type": "text", 
                "height": 25
            }, 
            {
                "delta_height": 10, 
                "line_type": "gap", 
                "height": 15
            }, 
            {
                "delta_height": 15, 
                "fields": [
                    {
                        "field_type": "gap", 
                        "delta_width": 120, 
                        "width": 120
                    }, 
                    {
                        "field_type": "text", 
                        "cost": 0.4, 
                        "field_name": "birthplace3", 
                        "delta_width": 220, 
                        "width": 260
                    }, 
                    {
                        "field_type": "gap", 
                        "delta_width": 150, 
                        "width": 150
                    }
                ], 
                "line_type": "text", 
                "height": 25
            }, 
            {
                "delta_height": 30, 
                "line_type": "gap", 
                "height": 35
            }
        ], 
        "settings": {
            "adapter_bot_padding":25,            
            "grid_step_y": 1, 
            "grid_step_x": 1, 
            "gap_right": 10,
            "gap_left": 13,
            "gap_bot": 4,
            "gap_top": 6,
            "score_type": "otsu",
            "rejection_threshold": 100,

            "default_gap_dp_cost": 0.0,
            "default_gap_otsu_cost": 0.3,

            "local_otsu_window_wing": 4
        }
    }
}
