{
  "type": "multi_sequence",
  "settings": {
    "processors": [
      {
        "settings": {
          "deshearer": ":/mixangler/dummy_deshearer.json", 
          "recstr": ":/recstr/rus.passport.national__fio_recstr.json", 
          "red_channel": true
        }, 
        "type": "common"
      },
      {
        "type": "dummy"
      }
    ],
    "cascade": [
      {
        "enter_by_attr": "script",
        "enter_if_attr_eq": "false",
        "enter_if_attr_absent": true
      },
      {
        "enter_by_attr": "script",
        "enter_if_attr_eq": "true",
        "enter_if_attr_absent": false
      }
    ]
  }
}