{
  "linesgm": {
    "settings": {
      "base_lines_finder": {
        "settings": {"with_aditional_normalization": true}, 
        "type": "absgrad"
      }, 
      "dot_parms": [0.55, 0.2, 0.7, 0.2, 0.6, 1.8, 0.45, 0.25], 
      "field_type": "gender", 
      "font_depth": [0.38, 0.9], 
      "line_templates": ["ttt"], 
      "max_height": 72, 
      "min_height": 20, 
      "morph_filter": true, 
      "non_ocr_characters": ".", 
      "ocr_engine": {
        "settings": {
          "autocontrast": true, 
          "max_stretch": 3.0, 
          "min_height": 12, 
          "min_width": 12, 
          "recognizer_path": "sgm_nn/sgm_snp_5.pb", 
          "satur_black": 0.1, 
          "satur_white": 0.1
        }, 
        "type": "native"
      }, 
      "projection_provider": {
        "settings": {"gauss_sigma": 0.0, "quantile": 0.95}, 
        "type": "absgrad"
      }, 
      "saturate_bw": [0.025, 0.25], 
      "try_mono": false
    }, 
    "type": "common"
  }, 
  "ocrengine": {
    "settings": {"autocontrast": false, "recognizer_path": "ocr_nn/gender_la_net.pb"}, 
    "type": "native"
  }
}