{
  "linesgm": {
    "settings": {
      "allowable_expand": 1.3, 
      "blines_padding": 0.15, 
      "font_depth": {"~": [0.35, 1.35], "ЖШЩЮ": [0.35, 1.5]}, 
      "layer_applier": {"nn_path": "cuts_nn/sgm_rus.pb"}, 
      "ocrengine": {
        "settings": {
          "autocontrast": false, 
          "recognizer_path": "ocr_nn/symbols_convnet_3.pb"
        }, 
        "type": "native"
      }, 
      "padding_x": 0.04, 
      "padding_y": 0.07, 
      "sgm_nn_weight": 0.5, 
      "vert_correction": true
    }, 
    "type": "simple"
  }, 
  "normalize_spaces": true
}