{
  "linesgm": {
    "settings": {
      "blines_padding": 0.15, 
      "font_depth": [[0.3, 0.45], [0.45, 1.25]], 
      "layer_applier": {"nn_path": "cuts_nn/sgm_rus.pb"}, 
      "ocrengine": {
        "settings": {
          "autocontrast": false, 
          "recognizer_path": "netdata/final/synthetic/digits/dig_001_hp.pb"
        }, 
        "type": "native"
      }, 
      "padding_x": 0.04, 
      "padding_y": 0.04, 
      "sgm_nn_weight": 0.5, 
      "vert_correction": false
    }, 
    "type": "simple"
  }
}