{
  "linesgm": {
    "settings": {
      "blines_padding": 0.1, 
      "font_depth": [[0.25, 0.45], [0.45, 1.15]], 
      "layer_applier": {"nn_path": "cuts_nn/sgm_rus.pb"}, 
      "ocrengine": {
        "settings": {
          "autocontrast": false, 
          "recognizer_path": "ocr_nn/digits_convnet_6.pb"
        }, 
        "type": "native"
      }, 
      "padding_x": 0.04, 
      "padding_y": 0.04, 
      "sgm_nn_weight": 0.4, 
      "vert_correction": false
    }, 
    "type": "simple"
  }, 
  "normalize_spaces": true
}