{
  "linesgm": {
    "settings": {
      "blines_padding": 0.1, 
      "find_spaces": false, 
      "font_depth": [[0.5, 1.8]], 
      "layer_applier": {"nn_path": "cuts_nn/sgm_rus.pb"}, 
      "ocrengine": {
        "settings": {"autocontrast": false, "recognizer_path": "ocr_nn/psp_number.pb"}, 
        "type": "native"
      }, 
      "padding_x": 0.04, 
      "padding_y": 0.04, 
      "sgm_nn_weight": 0.5, 
      "vert_correction": false
    }, 
    "type": "simple"
  }, 
  "normalize_spaces": true
}