{
  "linesgm": {
    "settings": {
      "allowable_expand": 1.2, 
      "blines_padding": 0.15, 
      "font_depth": {" ": [0.25, 0.5], "ЖШЩЮ": [0.35, 1.5], "~": [0.25, 1.35]}, 
      "layer_applier": {"nn_path": "cuts_nn/sgm_rus.pb"}, 
      "ocrengine": {
        "settings": {"autocontrast": false, "recognizer_path": "ocr_nn/symdig_cur.pb"}, 
        "type": "native"
      }, 
      "padding_x": 0.04, 
      "padding_y": 0.07, 
      "sgm_nn_weight": 0.5, 
      "vert_correction": true
    }, 
    "type": "simple"
  }, 
  "normalize_spaces": true
}