{
  "type": "smartid_bundle", 
  "common_options": {}, 
  "tplfinder": "docs/rus.passport.national/tplfinder_config_mobile.json", 
  "documents": ["docs/rus.passport.national/rus.passport.national_mobile.json"], 
  "engines": {
    "smartid": {
      "path": "rus.passport.national_mobile.json", 
      "type": "smartid_engine", 
      "doctypes": [
       "rus.passport.national"
      ], 
      "options": {
        "extractFieldImages": "false", 
        "extractTemplateImages": "false", 
        "extractPhoto": "true"
      }
    }
  }
}