{
  "type": "check_mrz_fields_postprocessor",
  "settings": {
    "doctype": "rus.passport",
    "compare_fields_checks": [
      {
        "check_name": "check_authority_code",
        "input_fields_sequences": [["authority_code"], ["authority_code_mrz"]]
      },
      {
        "check_name": "check_birth_date",
        "input_fields_sequences": [["birthdate"], ["birth_date_mrz"]]
      },
      {
        "check_name": "check_gender",
        "input_fields_sequences": [["gender"], ["gender_mrz"]]
      },
      {
        "check_name": "check_issue_date",
        "input_fields_sequences": [["issue_date"], ["issue_date_mrz"]]
      },
      {
        "check_name": "check_name",
        "input_fields_sequences": [["name"], ["name_mrz"]]
      },
      {
        "check_name": "check_number",
        "input_fields_sequences": [["number_page2", "series_page2"], ["number_page3", "series_page3"], ["number_mrz", "series_mrz"]]
      },
      {
        "check_name": "check_patronymic",
        "input_fields_sequences": [["patronymic"], ["patronymic_mrz"]]
      },
      {
        "check_name": "check_surname",
        "input_fields_sequences": [["surname"], ["surname_mrz"]]
      }
    ]
  }
}