{
  "type": "psp_genuineness_attributes",
  "settings": {
    "series_issue_date_delta_threshold": 1,
    "enabled": true,
    "codes_database": {
"01;79":{"1": ["АДЫГ"],"2":["МАЙКО"]},
"04;84":{"1": ["РЕСПУБ", "АЛТА"],"2":["ГОРНО", "АЛТА"]},
"02;80":{"1": ["БАШКОР"],"2":["УФ"]},
"03;81":{"1": ["БУРЯТ", "РЕСПУБ"],"2":["УЛАН"]},
"05;82":{"1": ["ДАГЕСТ"],"2":["МАХАЧ"]},
"06;26":{"1": ["ИНГУШ"],"2":["МАГАС"]},
"07;83":{"1": ["КАБАРД"],"2":["НАЛЬЧ"]},
"08;85":{"1": ["КАЛМЫК"],"2":["ЭЛИСТ"]},
"09;91":{"1": ["КАРАЧАЕ"],"2":["ЧЕРКЕС"]},
"10;86":{"1": ["КАРЕЛ"],"2":["ПЕТРОЗ"]},
"11;87":{"1": ["КОМИ", "РЕСПУБ"],"2":["СЫКТЫВ"]},
"12;88":{"1": ["МАРИЙ"],"2":["ЙОШКА"]},
"13;89":{"1": ["МОРДОВ"],"2":["САРАН"]},
"14;98":{"1": ["САХ", "РЕСПУБ"],"2":["ЯКУТ"]},
"15;90":{"1": ["ОСЕТ"],"2":["АЛАН"], "3":["ВЛАДИК"]},
"16;92":{"1": ["ТАТАР"],"2":["КАЗАН"]},
"17;93":{"1": ["ТЫВ", "РЕСПУБ"]},
"18;94":{"1": ["УДМУРТ"],"2":["ИЖЕВС"]},
"19;95":{"1": ["ХАКАС"],"2":["АБАКАН"]},
"20;96":{"1": ["ЧЕЧЕН"],"2":["ГРОЗН"]},
"21;97":{"1": ["ЧУВАШ"],"2":["ЧЕБОК"], "3":["ЧАВАШ"]},
"22;01":{"1": ["АЛТА", "КРА"],"2":["БАРНА"]},
"23;03":{"1": ["КРАСНОДАР"]},
"24;04":{"1": ["КРАСНОЯР"]},
"25;05":{"1": ["ПРИМОР"],"2":["ВЛАДИВ"]},
"26;07":{"1": ["СТАВР"]},
"27;08":{"1": ["ХАБАРОВ"]},
"29;11":{"1": ["АРХАНГЕЛ"]},
"30;12":{"1": ["АСТРАХАН"]},
"31;14":{"1": ["БЕЛГОРОД"]},
"32;15":{"1": ["БРЯН"]},
"33;17":{"1": ["ВЛАДИМИР"]},
"34;18":{"1": ["ВОЛГО"]},
"35;19":{"1": ["ВОЛОГОД"]},
"36;20":{"1": ["ВОРОНЕЖ"]},
"37;24":{"1": ["ИВАНОВ"]},
"38;25":{"1": ["ИРКУТС"]},
"39;27":{"1": ["КАЛИНИНГРАД"]},
"40;29":{"1": ["КАЛУЖ"],"2":["КАЛУГ"]},
"41;20":{"1": ["КАМЧАТ"],"2":["ПЕТРОПА"]},
"42;32":{"1": ["КЕМЕРОВ"]},
"43;33":{"1": ["КИРОВ"]},
"44;34":{"1": ["КОСТРОМ"]},
"45;37":{"1": ["КУРГАН"]},
"46;38":{"1": ["КУРСК"]},
"47;41":{"1": ["ЛЕНИНГРАД"]},
"48;42":{"1": ["ЛИПЕЦК"]},
"49;44":{"1": ["МАГАДАН"]},
"50;46":{"1": ["МОСКОВ"]},
"51;47":{"1": ["МУРМАНС"]},
"52;22":{"1": ["НИЖЕГОРОД"],"2":["НИЖН"]},
"53;49":{"1": ["НОВГОРОД"],"2":["ВЕЛИК"]},
"54;50":{"1": ["НОВОСИБ"]},
"55;52":{"1": [" ОМСК"]},
"56;53":{"1": ["ОРЕНБУРГ"]},
"57;54":{"1": ["ОРЛОВ"],"2":["ОРЕЛ"], "3":["ОРЁЛ"]},
"58;56":{"1": ["ПЕНЗ"]},
"60;58":{"1": ["ПСКОВ"]},
"61;60":{"1": ["РОСТОВ"]},
"62;61":{"1": ["РЯЗАН"]},
"63;36":{"1": ["САМАР"]},
"64;63":{"1": ["САРАТОВ"]},
"65;64":{"1": ["САХАЛИН"]},
"66;65":{"1": ["СВЕРДЛОВ"],"2":["ЕКАТЕРИН"]},
"67;66":{"1": ["СМОЛЕН"]},
"68;68":{"1": ["ТАМБОВ"]},
"69;28":{"1": ["ТВЕР"]},
"70;69":{"1": ["ТОМСК"]},
"73;73":{"1": ["УЛЬЯНОВ"]},
"74;75":{"1": ["ЧЕЛЯБИН"]},
"76;78":{"1": ["ЯРОСЛАВ"]},
"77;45":{"1": ["МОСКВ"]},
"78;40":{"1": ["САНКТ-ПЕТЕРБ"]},
"79;99":{"1": ["ЕВРЕ"],"2":["БИРОБИД"]},
"80;43":{"1": ["АГИНС"]},
"81;48":{"1": ["КОМИ-ПЕРМЯ"],"2":["КУДЫМ"]},
"82;51":{"1": ["КОРЯ"],"2":["ПАЛАН"]},
"83;55":{"1": ["НЕНЕЦК"],"2":["НАРЬЯ"]},
"84;59":{"1": ["ТАЙМЫР"],"2":["ДУДИН"], "3":["ДОЛГАНО-НЕНЕ"]},
"85;62":{"1": ["УСТЬ-ОРД"]},
"86;71":{"1": ["ХАНТЫ-МАН"],"2":["ЮГР"]},
"87;77":{"1": ["ЧУКОТ"],"2":["АНАДЫ"]},
"88;72":{"1": ["ЭВЕНКИ"],"2":["ТУР"]},
"89;71":{"1": ["ЯМАЛО-НЕНЕ"],"2":["САЛЕХ"]},
"91;35":{"1": ["КРЫМ"],"2":["СИМФЕР"],"3":["СЕВАСТ"]},
"71;70":{"1": ["ТУЛ"]},
"28;10":{"1": ["АМУР"],"2":["БЛАГОВ"]},
"59;57":{"1": ["ПЕРМС", "КРАЙ"],"2":["ПЕРМЬ"],"3":["ПЕРМИ"],"4": ["ПЕРМС", "ОБЛА"]},
"41;30":{"1": ["КАМЧАТ", "КРАЙ"],"2":["ПЕТРОПА"]},
"75;76":{"1": ["ЗАБАЙК"],"2": ["ЧИТИН"],"3":["ЧИТА"]},
"72;71":{"1": ["ТЮМЕН"]}
    }
  }
}