  {
    "supported_docsubtypes": {
      "INOPASSPORT":{
        "line_length": 44, "lines_count": 2, 
        "standard_height": 200, "standard_width": 1200
      },
      "TD_1":{
        "line_length": 30, "lines_count":    3, 
        "standard_height": 200, "standard_width": 800
      },
      "TD_2":{
        "line_length": 36, "lines_count":    2, 
        "standard_height": 200, "standard_width": 1200
      },
      "ID_FRANCE":{
        "line_length": 36, "lines_count":    2,
        "standard_height": 200, "standard_width": 1200
      },
      "NATIPASSPORT":{
        "line_length": 44, "lines_count":    2,
        "standard_height": 200, "standard_width": 1200
      },
      "MRV_A":{
        "line_length": 44, "lines_count":    2, 
        "standard_height": 200, "standard_width": 1200
      },
      "MRV_B":{
        "line_length": 36, "lines_count":    2, 
        "standard_height": 200, "standard_width": 1200
      },
      "MRV_RUS":{
        "line_length": 44, "lines_count":    2, 
        "standard_height": 200, "standard_width": 1200
      },
      "CHE_DL":{
        "line_length": 30, "lines_count":    3, 
        "standard_height": 200, "standard_width": 800
      },
      "BGR_VRD":{
        "line_length": 30, "lines_count":    3, 
        "standard_height": 200, "standard_width": 800
      }    
    },
    "segmentation_settings":{
      "count_false": 6,
      "img_zoom": 4,
      "q_err": 0.2,
      "segm_dev_thresh": 0.052,
      "step": 15,
      "thresh_gap": 10,
      "wd_char": 5,
      "wd_gap" : 3,
      "do_second_pass": true,
      "sp_twolined_margin": 0.03,
      "sp_threelined_margin": 0.00,
      "doc_types":[
        {
          "name":"INOPASSPORT", "nLines": 2, "nGaps": 45, "htChar": 7,
          "standard_width": 1200, "wdChar": 5, "wdGap": 2, "realHtCell": 38,
          "gapLine": 17, "gapDelta": 1, "garbageTolerance": 4,
          "lambda1": 1.2, "lambda2": 0.0
        },
        {
          "name":"TD_1", "nLines": 3, "nGaps": 31, "htChar": 8,
          "standard_width": 800, "wdChar": 5, "wdGap": 2, "realHtCell": 36,
          "gapLine": 12, "gapDelta": 2, "garbageTolerance": 4,
          "lambda1": 1.2, "lambda2": 0.5
        },
        {
          "name":"CHE_DL", "nLines": 3, "nGaps": 31, "htChar": 8,
          "standard_width": 800, "wdChar": 5, "wdGap": 2, "realHtCell": 36,
          "gapLine": 12, "gapDelta": 2, "garbageTolerance": 4,
          "lambda1": 1.2, "lambda2": 0.5
        },        
        {
          "name":"TD_1", "nLines": 3, "nGaps": 31, "htChar": 9,
          "standard_width": 1200, "wdChar": 6, "wdGap": 3, "realHtCell": 48,
          "gapLine": 15, "gapDelta": 2, "garbageTolerance": 4,
          "lambda1": 1.2, "lambda2": 0.5
        },
        {
          "name":"TD_2", "nLines": 2, "nGaps": 37, "htChar": 8,
          "standard_width": 1200, "wdChar": 5, "wdGap": 3, "realHtCell": 44,
          "gapLine": 20, "gapDelta": 2, "garbageTolerance": 4,
          "lambda1": 1.0, "lambda2": 1.0
        },
        {
          "name":"MRV_A", "nLines": 2, "nGaps": 45, "htChar": 7,
          "standard_width": 1200, "wdChar": 5, "wdGap": 2, "realHtCell": 38,
          "gapLine": 17, "gapDelta": 1, "garbageTolerance": 4,
          "lambda1": 1.2, "lambda2": 0
        },
        {
          "name":"MRV_B", "nLines": 2, "nGaps": 37, "htChar": 8,
          "standard_width": 1200, "wdChar": 5, "wdGap": 3, "realHtCell": 44,
          "gapLine": 20, "gapDelta": 2, "garbageTolerance": 4,
          "lambda1": 1.2, "lambda2": 0
        },
        {
          "name":"ID_FRANCE", "nLines": 2, "nGaps": 37, "htChar": 8,
          "standard_width": 1200, "wdChar": 5, "wdGap": 3, "realHtCell": 44,
          "gapLine": 20, "gapDelta": 2, "garbageTolerance": 4,
          "lambda1": 1.2, "lambda2": 0
        },
        {
          "name":"NATIPASSPORT", "nLines": 2, "nGaps": 45, "htChar": 7,
          "standard_width": 1200, "wdChar": 5, "wdGap": 3, "realHtCell": 32,
          "gapLine": 17, "gapDelta": 2, "garbageTolerance": 4,
          "lambda1": 1.2, "lambda2": 0
        },
        {
          "name":"MRV_RUS", "nLines": 2, "nGaps": 45, "htChar": 7,
          "standard_width": 1200, "wdChar": 5, "wdGap": 2, "realHtCell": 38,
          "gapLine": 17, "gapDelta": 1, "garbageTolerance": 4,
          "lambda1": 1.2, "lambda2": 0
        },
        {
          "name":"BGR_VRD", "nLines": 3, "nGaps": 31, "htChar": 8,
          "standard_width": 800, "wdChar": 5, "wdGap": 2, "realHtCell": 36,
          "gapLine": 12, "gapDelta": 2, "garbageTolerance": 4,
          "lambda1": 1.2, "lambda2": 0.5
        }
      ]
    },
    "rejection_settings": {
      "focus_threshold": 55,
      "garbage_filtering_enabled": true,
      "salient_fields_threshold": 2,
      "field_reject_threshold":{
        "default": 0.65, 
        "doc_type": 0.7,
        "document_code": 0.7,
        "sex"    : 0.8,
        "name"   : 0.7,
        "nationality" : 0.8,
        "optional_data1": 0.8, 
        "optional_data2": 0.8, 
        "issuing_state": 0.8, 
        "document_number" : 0.8,
        "date_of_birth": 0.7,
        "date_of_expiry" : 0.7,
        "proprietor" : 0.7,
        "vin" : 0.8,
        "id_number": 0.8,
        "vehicle_number": 0.8
      }
    },
    "ocr_engine": {
      "type": "native",
      "settings": {
        "autocontrast": false, 
        "recognizer_path": ":/recstr/ocr_nn/network_27.08.2015.pb"
      }
    },
    "orientation_ocrengine": {
      "type": "native",
      "settings": {
        "autocontrast": false,
        "recognizer_path": ":/recstr/special_nn/mrz_upt2.pb"
      }
    },
    "image_check_settings": {
      "focus_threshold": 85,
      "intensity_threshold": 70
    }
  }
