{
  "rus.passport.national": {
    "expected_templates": ["rus.passport.national:page2", "rus.passport.national:page3"], 
    "output_fields": [
      "number", 
      "series", 
      "authority", 
      "authority_code", 
      "issue_date", 
      "signature", 
      "surname", 
      "name", 
      "patronymic", 
      "gender", 
      "birthdate", 
      "birthplace", 
      "photo", 
      "full_mrz", 
      "number_mrz", 
      "series_mrz", 
      "authority_code_mrz", 
      "issue_date_mrz", 
      "surname_mrz", 
      "name_mrz", 
      "patronymic_mrz", 
      "gender_mrz", 
      "birth_date_mrz",

      "check_script_year",
      "check_authority_okato",
      "check_authority_region",
      "check_series_issue_date_delta",
      "check_number",
      "check_surname",
      "check_name",
      "check_patronymic",
      "check_gender",
      "check_birth_date",
      "check_issue_date",
      "check_authority_code",
      "check_dates"
    ], 
    "postprocessors": [
      {
        "allow_incomplete_inputs": true, 
        "input_fields": ["authority", "birthplace"], 
        "postprocessor": "postprocessors/strings_replacer.json"
      }, 
      {
        "input_fields": ["birthdate"], 
        "postprocessor": ":/postprocessor/date/default_birth_date_DDMMYYYY_postprocessor.json"
      }, 
      {
        "input_fields": ["issue_date"], 
        "postprocessor": ":/postprocessor/date/default_issue_date_DDMMYYYY_postprocessor.json"
      }, 
      {
        "input_fields": ["gender"], 
        "postprocessor": "postprocessors/gender_postprocessor.json"
      }, 
      {
        "input_fields": ["surname"], 
        "postprocessor": ":/postprocessor/rus/surname_postprocessor.json"
      }, 
      {
        "input_fields": ["first_name"], 
        "postprocessor": ":/postprocessor/rus/name_postprocessor.json"
      }, 
      {
        "input_fields": ["patronymic"], 
        "postprocessor": ":/postprocessor/rus/patronymic_postprocessor.json"
      }, 
      ":/postprocessor/mrz/mrz_postprocessor_slot.json", 
      "postprocessors/renaming_slot.json", 
      {
        "input_fields": ["name_mrz"], 
        "output_fields": ["name_mrz", "patronymic_mrz"], 
        "postprocessor": "postprocessors/name_mrz_postprocessor_separator.json"
      }, 
      {
        "input_fields": ["doc_num_mrz"], 
        "output_fields": ["number_mrz", "series_mrz"], 
        "postprocessor": "postprocessors/number_mrz_formatter.json"
      }, 
      {
        "allow_incomplete_inputs": true, 
        "input_fields": ["series_page2", "series_page3"], 
        "output_fields": ["series"], 
        "postprocessor": "postprocessors/series_postprocessor.json"
      }, 
      {
        "allow_incomplete_inputs": true, 
        "input_fields": ["number_page2", "number_page3"], 
        "output_fields": ["number"], 
        "postprocessor": "postprocessors/number_postprocessor.json"
      }, 
      {
        "input_fields": ["gender_mrz"], 
        "postprocessor": "postprocessors/gender_mrz_postprocessor.json"
      }, 
      {
        "input_fields": ["birthplace"], 
        "postprocessor": "postprocessors/birthplace_postprocessor.json"
      }, 
      {
        "input_fields": ["__type__"], 
        "postprocessor": "postprocessors/type_stub_postprocessor.json"
      },
      {
        "allow_incomplete_inputs": true, 
        "input_fields": ["surname", "name", "patronymic", "birthdate", 
          "birtplace", "issue_date", "authority_code", "authority"], 
        "output_fields": ["check_script_year"], 
        "postprocessor": "fraud/postprocessors/check_script_postprocessor.json"
      },
      {
        "allow_incomplete_inputs": true, 
        "input_fields": ["authority", "issue_date", "authority_code", "series"],
        "output_fields": ["check_authority_okato", "check_authority_region", "check_series_issue_date_delta"], 
        "postprocessor": "fraud/postprocessors/genuinnes_attributes.json"
      },
      {
        "allow_incomplete_inputs": true, 
        "input_fields": ["series_page2", "number_page2", "series_page3", "number_page3", "series_mrz", "number_mrz", 
          "surname", "surname_mrz", "name", "name_mrz", "birthdate", "birth_date_mrz", "issue_date", "issue_date_mrz", 
          "patronymic", "patronymic_mrz", "gender", "gender_mrz", "authority_code", "authority_code_mrz"], 
        "output_fields": ["check_number", "check_surname", "check_name", "check_patronymic", "check_gender", 
          "check_birth_date", "check_issue_date", "check_authority_code"], 
        "postprocessor": "fraud/postprocessors/check_mrz_fields_postprocessor_simplified.json"
      },
      {
        "allow_incomplete_inputs": true, 
        "input_fields": ["birthdate", "birth_date_mrz", "issue_date", "issue_date_mrz"],
        "output_fields": ["check_dates"], 
        "postprocessor": "fraud/postprocessors/check_dates_postprocessor.json"
      }
    ], 
    "rejectors": {
      "__default__": ":/rejector/default_neutral_rejector.json", 
      "birthdate": ":/rejector/default_neutral_rejector.json", 
      "birthplace": ":/rejector/default_neutral_rejector.json", 
      "full_mrz": ":/rejector/default_full_mrz_rejector.json", 
      "gender": ":/rejector/default_neutral_rejector.json", 
      "issue_date": ":/rejector/default_neutral_rejector.json", 
      "name": ":/rejector/default_neutral_rejector.json", 
      "number": ":/rejector/default_neutral_rejector.json", 
      "patronymic": ":/rejector/default_neutral_rejector.json", 
      "series": ":/rejector/default_neutral_rejector.json", 
      "surname": ":/rejector/default_neutral_rejector.json"
    }, 
    "templates": {
      "rus.passport.national:page2": {
        "path": "tpl__rus.passport.national.page2_mobile.json"
      }, 
      "rus.passport.national:page3": {
        "path": "tpl__rus.passport.national.page3_mobile.json"
      }
    }
  }
}