{
  "rus.passport.national:page3": {
    "config": "templates/rus.passport.national.page3.mobile.json", 
    "expected_fields": [
      "series_page3", 
      "gender", 
      "surname", 
      "birthplace", 
      "birthdate", 
      "full_mrz", 
      "first_name", 
      "patronymic", 
      "number_page3"
    ], 
    "field_group_preprocessors": {
      "page3_fio": {
        "workflow": {
          "settings": {
            "deshearer": "mixangler/common.json", 
            "group_name": "page3_fio", 
            "input_fields": ["surname0", "surname1", "first_name", "patronymic"], 
            "min_fields_count": 2, 
            "red_channel": true
          }, 
          "type": "deshearer"
        }
      }, 
      "page3_other": {
        "workflow": {
          "settings": {
            "deshearer": "mixangler/common.json", 
            "group_name": "page3_other", 
            "input_fields": [
              "gender", 
              "birthdate", 
              "birthplace0", 
              "birthplace1", 
              "birthplace2", 
              "birthplace3"
            ], 
            "min_fields_count": 3, 
            "red_channel": true
          }, 
          "type": "deshearer"
        }
      }, 
      "page3_script_detector": {
        "workflow": {
          "settings": {
            "group_name": "page3_script_detector", 
            "input_fields": {
              "surname0" : 1.0, 
              "surname1" : 1.0, 
              "first_name" : 1.0, 
              "patronymic" : 1.0, 
              "birthdate" : 0.0, 
              "birthplace0" : 1.0, 
              "birthplace1" : 1.0, 
              "birthplace2" : 1.0, 
              "birthplace3" : 1.0
            }, 
            "layer_applier": {"nn_path": ":/recstr/special_nn/handwrite.pb"}, 
            "nn_threshold": 0.5
          }, 
          "type": "script_detector"
        }
      }
    }, 
    "fields": {
      "birthdate": {"scale": 1.2, "workflow": "field_processors/birth_date.json"}, 
      "birthplace0": {"scale": 1.2, "workflow": "field_processors/birthplaceX.json"}, 
      "birthplace1": {"scale": 1.2, "workflow": "field_processors/birthplaceX.json"}, 
      "birthplace2": {"scale": 1.2, "workflow": "field_processors/birthplaceX.json"}, 
      "birthplace3": {"scale": 1.2, "workflow": "field_processors/birthplaceX.json"}, 
      "first_name": {
        "scale": 1.2, 
        "workflow": "field_processors/name_surname_patronymic.json"
      }, 
      "gender": {"workflow": "field_processors/gender.json"}, 
      "mrz2_line1": {"workflow": {"type": "dummy"}}, 
      "mrz2_line2": {"workflow": {"type": "dummy"}}, 
      "numser_page3": {"scale": 1.0, "workflow": "field_processors/numser_pageX.json"}, 
      "patronymic": {
        "scale": 1.2, 
        "workflow": "field_processors/name_surname_patronymic.json"
      }, 
      "photo": {"workflow": {"settings": {}, "type": "image"}}, 
      "surname0": {
        "scale": 1.2, 
        "workflow": "field_processors/name_surname_patronymic.json"
      }, 
      "surname1": {
        "scale": 1.2, 
        "workflow": "field_processors/name_surname_patronymic.json"
      }
    }, 
    "formatters": [
      {
        "formatter": ":/postprocessor/date/default_birth_date_DDMMYYYY_formatter.json", 
        "input_fields": ["birthdate"]
      }, 
      {
        "allow_incomplete_inputs": true, 
        "formatter": "postprocessors/surname_postprocessor_merge.json", 
        "input_fields": ["surname0", "surname1"], 
        "output_fields": ["surname"]
      }, 
      {
        "formatter": ":/postprocessor/dummy_postprocessor.json", 
        "input_fields": ["first_name"]
      }, 
      {
        "formatter": ":/postprocessor/dummy_postprocessor.json", 
        "input_fields": ["patronymic"]
      }, 
      {
        "formatter": ":/postprocessor/dummy_postprocessor.json", 
        "input_fields": ["gender"]
      }, 
      {
        "allow_incomplete_inputs": true, 
        "formatter": "postprocessors/birthplace_postprocessor_merge.json", 
        "input_fields": ["birthplace0", "birthplace1", "birthplace2", "birthplace3"], 
        "output_fields": ["birthplace"]
      }, 
      {
        "formatter": ":/postprocessor/spaces_normalizer.json", 
        "input_fields": ["birthplace"]
      }, 
      {
        "formatter": "postprocessors/numser_page3_formatter.json", 
        "input_fields": ["numser_page3"], 
        "output_fields": ["series_page3", "number_page3"]
      }, 
      ":/postprocessor/mrz/mrz_formatter_slot.json"
    ], 
    "image_integrators": {"__default__": ":/integrator/default_image_integrator.json"}, 
    "integrators": {
      "__default__": ":/integrator/default_rover_integrator.json", 
      "birthdate": ":/integrator/default_token_integrator.json", 
      "birthplace": ":/integrator/default_rover_integrator.json", 
      "first_name": ":/integrator/default_rover_integrator.json", 
      "full_mrz": ":/integrator/default_mrz_integrator.json", 
      "gender": ":/integrator/default_token_integrator.json", 
      "number_page3": ":/integrator/default_token_integrator.json", 
      "patronymic": ":/integrator/default_rover_integrator.json", 
      "series_page3": ":/integrator/default_token_integrator.json", 
      "surname": ":/integrator/default_rover_integrator.json"
    }, 
    "size": [415, 291], 
    "zones": {
      "data3": {
        "rect": [135, 23, 250, 200], 
        "reduce_image_channels": true, 
        "workflow": {
          "settings": {
            "img_processor": {
              "settings": {"relative_height": 0.33, "relative_width": 0.14}, 
              "type": "patch_pass"
            }, 
            "zone_processor": {
              "settings": {"vertsgm": "vertsgm/rus.pass_data_zone_page3_with_dp.json"}, 
              "type": "common"
            }
          }, 
          "type": "with_preprocessing"
        }
      }, 
      "mrz": {
        "rect": [-42, 194, 498, 116], 
        "size_override": [1200, 280], 
        "workflow": {
          "settings": {
            "engine_settings_path": "mrzapi_engine_anywhere.json", 
            "mrz_search_tplfinder": ":/mrz-data/mrz_tplfinder_config_anywhere.json", 
            "perform_mrz_search": true, 
            "supported_document_types": ["mrz.rus.passport"]
          }, 
          "type": "mrz"
        }
      }, 
      "number_page3": {
        "band": [390, 50, 390, 251, 51], 
        "fields_translation": {"numser": "numser_page3"}, 
        "workflow": "vertsgm/rus.pass_number_common_workflow.json"
      }, 
      "photo": {
        "rect": [10, 40, 180, 160], 
        "workflow": ":/photo_retriever/objed_photo_retriever.json"
      }
    }
  }
}