{
  "rus.passport.national:page2": {
    "config": "templates/rus.passport.national.page2.mobile.json", 
    "expected_fields": [
      "issue_date", 
      "series_page2", 
      "authority", 
      "authority_code", 
      "number_page2"
    ], 
    "field_group_preprocessors": {
      "page2_full": {
        "workflow": {
          "settings": {
            "deshearer": "mixangler/common.json", 
            "group_name": "page2_full", 
            "input_fields": [
              "authority0", 
              "authority1", 
              "authority2", 
              "authority_code", 
              "issue_date"
            ], 
            "min_fields_count": 3, 
            "red_channel": true
          }, 
          "type": "deshearer"
        }
      }, 
      "page2_script_detector": {
        "workflow": {
          "settings": {
            "group_name": "page2_script_detector", 
            "input_fields": {
              "authority0" : 1.0, 
              "authority1" : 1.0, 
              "authority2" : 1.0, 
              "authority_code" : 0.0, 
              "issue_date" : 0.0
            }, 
            "layer_applier": {"nn_path": ":/recstr/special_nn/handwrite.pb"}, 
            "nn_threshold": 0.5
          }, 
          "type": "script_detector"
        }
      }
    }, 
    "fields": {
      "authority0": {"scale": 1.2, "workflow": "field_processors/authorityX.json"}, 
      "authority1": {"scale": 1.2, "workflow": "field_processors/authorityX.json"}, 
      "authority2": {"scale": 1.2, "workflow": "field_processors/authorityX.json"}, 
      "authority_code": {"scale": 1.2, "workflow": "field_processors/authority_code.json"}, 
      "issue_date": {"scale": 1.2, "workflow": "field_processors/issue_date.json"}, 
      "numser_page2": {"scale": 1.0, "workflow": "field_processors/numser_pageX.json"}, 
      "signature": {"workflow": {"settings": {}, "type": "image"}}
    }, 
    "formatters": [
      {
        "formatter": "postprocessors/authority_code_formatter.json", 
        "input_fields": ["authority_code"]
      }, 
      {
        "allow_incomplete_inputs": true, 
        "formatter": "postprocessors/authority_postprocessor_merge.json", 
        "input_fields": ["authority0", "authority1", "authority2"], 
        "output_fields": ["authority"]
      }, 
      {
        "formatter": ":/postprocessor/spaces_normalizer.json", 
        "input_fields": ["authority"]
      }, 
      {
        "formatter": ":/postprocessor/date/default_issue_date_DDMMYYYY_formatter.json", 
        "input_fields": ["issue_date"]
      }, 
      {
        "formatter": "postprocessors/numser_page2_formatter.json", 
        "input_fields": ["numser_page2"], 
        "output_fields": ["series_page2", "number_page2"]
      }
    ], 
    "image_integrators": {"__default__": ":/integrator/default_image_integrator.json"}, 
    "integrators": {
      "__default__": ":/integrator/default_rover_integrator.json", 
      "authority": ":/integrator/default_rover_integrator.json", 
      "authority_code": ":/integrator/default_token_integrator.json", 
      "issue_date": ":/integrator/default_token_integrator.json", 
      "number_page2": ":/integrator/default_token_integrator.json", 
      "series_page2": ":/integrator/default_token_integrator.json"
    }, 
    "size": [415, 291], 
    "zones": {
      "data2": {
        "rect": [0, 40, 395, 110], 
        "reduce_image_channels": true, 
        "workflow": {
          "settings": {"vertsgm": "vertsgm/rus.pass_data_zone_page2_with_dp.json"}, 
          "type": "common"
        }
      }, 
      "number_page2": {
        "band": [390, 50, 390, 251, 51], 
        "fields_translation": {"numser": "numser_page2"}, 
        "workflow": "vertsgm/rus.pass_number_common_workflow.json"
      }, 
      "signature": {
        "rect": [245, 185, 135, 50], 
        "workflow": {
          "settings": {"output_field_name": "signature"}, 
          "type": "image_retriever"
        }
      }
    }
  }
}