{
"type": "multisequence",
  "settings": {
    "postprocessors": [
      {
        "type": "clutter_remover",
        "settings": {
          "clutter_alphabet": " .,\"/\\-",
          "max_clutter_left": 3,
          "max_clutter_right": 0    
        }
      },
      {
        "type": "psp_birthplace",
        "settings": {
          "enabled": true,
          "digits_postprocessing": {
            "enabled": false
          },
          "wordendings_postprocessing": {
            "enabled": true,
            "substitution_weight": 0.55
          },
          "commonwords_postprocessing": {
            "enabled": true,
            "max_input_confidence": 0.998,
            "substitution_weight": 0.8
          },
          "city_postprocessing": {
            "enabled": true,
            "cities_dictionary": "cities.dict",
            "max_prefix_match_length": 6,
            "min_city_length": 4,
            "max_city_match_length": 26,
            "max_city_confidence": 0.95,
            "max_city_levenshtein_penalty": 2.0,
            "max_overall_levenshtein_penalty": 2.2,
            "substitution_weight": 0.9,
            "max_states_count": 100
          },
          "areas_postprocessing": {
            "enabled": true,
            "areas_dictionary": "areas.dict",
            "start_token": 2,
            "min_input_length": 4,
            "max_input_length": 32,
            "min_output_length": 5,
            "max_levenshtein_penalty": 1.5,
            "substitution_weight": 0.8,
            "max_states_count": 100
          },
          "abbreviation_normalization_enabled": true
        }
      }
    ]
  }
}