{
  "type": "integrator",
  "settings": {
  	"input_fields_sequence": ["series_page2", "series_page3", "series_mrz"],
    "input_fields_weights": [[1.0, 0.1], [1.0, 0.1], [1.3, 0.3]],           
  	"output_field": "series",
    "internal_integrator": {
      "type": "token",
      "settings": 
      {
        "weight_relevance": 0.0,
        "tokens_cutoff": 5,
        "integrate_confidence_info": false
      }
    },
    "weighting_rejector": {
      "type": "worst_character", 
      "settings": { 
        "set_accept_flag": true,
        "cumulative_confidence_threshold": 0.9
      }
    },
    "attributes_integrator": ":/integrator/default_attributes_integrator.json"
  }
}